bieming,daoyan,movie_name,ranking,score,score_num,url
希望让人自由。,"
                            导演: 弗兰克·德拉邦特 Frank Darabont   主演: 蒂姆·罗宾斯 Tim Robbins /...",肖申克的救赎,1,9.6,877331,https://movie.douban.com/subject/1292052/
风华绝代。,"
                            导演: 陈凯歌 Kaige Chen   主演: 张国荣 Leslie Cheung / 张丰毅 Fengyi Zha...",霸王别姬,2,9.5,631007,https://movie.douban.com/subject/1291546/
怪蜀黍和小萝莉不得不说的故事。,"
                            导演: 吕克·贝松 Luc Besson   主演: 让·雷诺 Jean Reno / 娜塔莉·波特曼 ...",这个杀手不太冷,3,9.4,838491,https://movie.douban.com/subject/1295644/
一部美国近现代史。,"
                            导演: Robert Zemeckis   主演: Tom Hanks / Robin Wright Penn / Gary Sinise",阿甘正传,4,9.4,714763,https://movie.douban.com/subject/1292720/
最美的谎言。,"
                            导演: 罗伯托·贝尼尼 Roberto Benigni   主演: 罗伯托·贝尼尼 Roberto Beni...",美丽人生,5,9.5,416985,https://movie.douban.com/subject/1292063/
最好的宫崎骏，最好的久石让。 ,"
                            导演: 宫崎骏 Hayao Miyazaki   主演: 柊瑠美 Rumi Hîragi / 入野自由 Miy...",千与千寻,6,9.2,665882,https://movie.douban.com/subject/1291561/
拯救一个人，就是拯救整个世界。,"
                            导演: 史蒂文·斯皮尔伯格 Steven Spielberg   主演: 连姆·尼森 Liam Neeson...",辛德勒的名单,7,9.4,384442,https://movie.douban.com/subject/1295124/
失去的才是永恒的。 ,"
                            导演: 詹姆斯·卡梅隆 James Cameron   主演: 莱昂纳多·迪卡普里奥 Leonardo...",泰坦尼克号,8,9.2,657017,https://movie.douban.com/subject/1292722/
诺兰给了我们一场无法盗取的梦。,"
                            导演: 克里斯托弗·诺兰 Christopher Nolan   主演: 莱昂纳多·迪卡普里奥 Le...",盗梦空间,9,9.2,766476,https://movie.douban.com/subject/3541415/
小瓦力，大人生。,"
                            导演: 安德鲁·斯坦顿 Andrew Stanton   主演: 本·贝尔特 Ben Burtt / 艾丽...",机器人总动员,10,9.3,500920,https://movie.douban.com/subject/2131459/
每个人都要走一条自己坚定了的路，就算是粉身碎骨。 ,"
                            导演: 朱塞佩·托纳多雷 Giuseppe Tornatore   主演: 蒂姆·罗斯 Tim Roth / ...",海上钢琴师,11,9.2,601407,https://movie.douban.com/subject/1292001/
英俊版憨豆，高情商版谢耳朵。,"
                            导演: 拉库马·希拉尼 Rajkumar Hirani   主演: 阿米尔·汗 Aamir Khan / 卡...",三傻大闹宝莱坞,12,9.1,676734,https://movie.douban.com/subject/3793023/
永远都不能忘记你所爱的人。,"
                            导演: 莱塞·霍尔斯道姆 Lasse Hallström   主演: 理查·基尔 Richard Ger...",忠犬八公的故事,13,9.2,457673,https://movie.douban.com/subject/3011091/
天籁一般的童声，是最接近上帝的存在。 ,"
                            导演: 克里斯托夫·巴拉蒂 Christophe Barratier   主演: 杰拉尔·朱诺 Géra...",放牛班的春天,14,9.2,454497,https://movie.douban.com/subject/1291549/
一生所爱。,"
                            导演: 刘镇伟 Jeffrey Lau   主演: 周星驰 Stephen Chow / 吴孟达 Man Tat Ng...",大话西游之大圣娶亲,15,9.2,490495,https://movie.douban.com/subject/1292213/
人人心中都有个龙猫，童年就永远不会消失。,"
                            导演: 宫崎骏 Hayao Miyazaki   主演: 日高法子 Noriko Hidaka / 坂本千夏 Ch...",龙猫,16,9.1,420282,https://movie.douban.com/subject/1291560/
千万不要记恨你的对手，这样会让你失去理智。,"
                            导演: 弗朗西斯·福特·科波拉 Francis Ford Coppola   主演: 马龙·白兰度 M...",教父,17,9.2,345074,https://movie.douban.com/subject/1291841/
如果再也不能见到你，祝你早安，午安，晚安。,"
                            导演: 彼得·威尔 Peter Weir   主演: 金·凯瑞 Jim Carrey / 劳拉·琳妮 Lau...",楚门的世界,18,9.1,456905,https://movie.douban.com/subject/1292064/
Tomorrow is another day.,"
                            导演: 维克多·弗莱明 Victor Fleming / 乔治·库克 George Cukor   主演: 托...",乱世佳人,19,9.2,272307,https://movie.douban.com/subject/1300267/
那些吻戏，那些青春，都在影院的黑暗里被泪水冲刷得无比清晰。,"
                            导演: 朱塞佩·托纳多雷 Giuseppe Tornatore   主演: 安东娜拉·塔莉 Antonel...",天堂电影院,20,9.1,310664,https://movie.douban.com/subject/1291828/
满满温情的高雅喜剧。,"
                            导演: 奥利维·那卡什 Olivier Nakache / 艾力克·托兰达 Eric Toledano   主...",触不可及,21,9.1,367431,https://movie.douban.com/subject/6786002/
平民励志片。 ,"
                            导演: 加布里尔·穆奇诺 Gabriele Muccino   主演: 威尔·史密斯 Will Smith ...",当幸福来敲门,22,8.9,540658,https://movie.douban.com/subject/1849031/
我们一路奋战不是为了改变世界，而是为了不让世界改变我们。,"
                            导演: 黄东赫 Dong-hyuk Hwang   主演: 孔侑 Yoo Gong / 郑有美 Yu-mi Jeong ...",熔炉,23,9.2,253580,https://movie.douban.com/subject/5912992/
香港电影史上永不过时的杰作。,"
                            导演: 刘伟强 / 麦兆辉   主演: 刘德华 / 梁朝伟 / 黄秋生",无间道,24,9.0,400697,https://movie.douban.com/subject/1307914/
邪恶与平庸蛰伏于同一个母体，在特定的时间互相对峙。,"
                            导演: 大卫·芬奇 David Fincher   主演: 爱德华·诺顿 Edward Norton / 布拉...",搏击俱乐部,25,9.0,405319,https://movie.douban.com/subject/1292000/
1957年的理想主义。 ,"
                            导演: Sidney Lumet   主演: 亨利·方达 Henry Fonda / 马丁·鲍尔萨姆 Marti...",十二怒汉,26,9.4,171837,https://movie.douban.com/subject/1293182/
真正的幸福是来自内心深处。,"
                            导演: 罗伯·莱纳 Rob Reiner   主演: 玛德琳·卡罗尔 Madeline Carroll / 卡...",怦然心动,27,8.9,548175,https://movie.douban.com/subject/3319755/
史诗的终章。,"
                            导演: 彼得·杰克逊 Peter Jackson   主演: 维果·莫腾森 Viggo Mortensen / ...",指环王3：王者无敌,28,9.1,285440,https://movie.douban.com/subject/1291552/
爱是一种力量，让我们超越时空感知它的存在。,"
                            导演: 克里斯托弗·诺兰 Christopher Nolan   主演: 马修·麦康纳 Matthew Mc...",星际穿越,29,9.1,485587,https://movie.douban.com/subject/1889243/
瑰丽壮观、无人能及的冒险之旅。,"
                            导演: 李安 Ang Lee   主演: 苏拉·沙玛 Suraj Sharma / 拉菲·斯波 Rafe Spa...",少年派的奇幻漂流,30,9.0,579934,https://movie.douban.com/subject/1929463/
对天空的追逐，永不停止。 ,"
                            导演: 宫崎骏 Hayao Miyazaki   主演: 田中真弓 Mayumi Tanaka / 横泽启子 Ke...",天空之城,31,9.0,333085,https://movie.douban.com/subject/1291583/
对敌人的仁慈，就是对自己残忍。,"
                            导演: 姜文 Wen Jiang   主演: 姜文 Wen Jiang / 香川照之 Teruyuki Kagawa /...",鬼子来了,32,9.2,228591,https://movie.douban.com/subject/1291858/
爱情哪怕只有一天。,"
                            导演: 威廉·惠勒 William Wyler   主演: 奥黛丽·赫本 Audrey Hepburn / 格...",罗马假日,33,8.9,386238,https://movie.douban.com/subject/1293839/
无尽的黑暗。,"
                            导演: 克里斯托弗·诺兰 Christopher Nolan   主演: 克里斯蒂安·贝尔 Christ...",蝙蝠侠：黑暗骑士,34,9.0,320545,https://movie.douban.com/subject/1851857/
旷古烁今。,"
                            导演: 刘镇伟 Jeffrey Lau   主演: 周星驰 Stephen Chow / 吴孟达 Man Tat Ng...",大话西游之月光宝盒,35,8.9,396557,https://movie.douban.com/subject/1299398/
张艺谋最好的电影。,"
                            导演: 张艺谋 Yimou Zhang   主演: 葛优 You Ge / 巩俐 Li Gong / 姜武 Wu Jiang",活着,36,9.1,266500,https://movie.douban.com/subject/1292365/
4个臭皮匠顶个诸葛亮，盖·里奇果然不是盖的。,"
                            导演: Guy Ritchie   主演: Jason Flemyng / Dexter Fletcher / Nick Moran",两杆大烟枪,37,9.0,273478,https://movie.douban.com/subject/1293350/
最后那些最无聊的事情，才是最值得怀念的。 ,"
                            导演: 彼特·道格特 Pete Docter   主演: 爱德华·阿斯纳 Edward Asner / 克...",飞屋环游记,38,8.9,497784,https://movie.douban.com/subject/2129039/
别样人生。,"
                            导演: 弗洛里安·亨克尔·冯·多纳斯马 Florian Henckel von Donnersmarck   ...",窃听风暴,39,9.1,222260,https://movie.douban.com/subject/1900841/
自由万岁。,"
                            导演: 米洛斯·福尔曼 Miloš Forman   主演: 杰克·尼科尔森 Jack Nichols...",飞越疯人院,40,9.0,277324,https://movie.douban.com/subject/1292224/
海豚的微笑，是世界上最高明的伪装。,"
                            导演: Louie Psihoyos   主演: John Chisholm / Mandy-Rae Cruikshank / Char...",海豚湾,41,9.3,181497,https://movie.douban.com/subject/3442220/
史上最美的探戈。,"
                            导演: 马丁·布莱斯 Martin Brest   主演: 阿尔·帕西诺 Al Pacino / 克里斯...",闻香识女人,42,8.9,320594,https://movie.douban.com/subject/1298624/
一张面具背后的理想与革命。,"
                            导演: 詹姆斯·麦克特格 James McTeigue   主演: 娜塔莉·波特曼 Natalie Por...",V字仇杀队,43,8.8,414009,https://movie.douban.com/subject/1309046/
带着心爱的人在天空飞翔。,"
                            导演: 宫崎骏 Hayao Miyazaki   主演: 倍赏千惠子 Chieko Baishô / 木村拓...",哈尔的移动城堡,44,8.9,347033,https://movie.douban.com/subject/1308807/
优雅的孤独。,"
                            导演: 弗朗西斯·福特·科波拉 Francis Ford Coppola   主演: 阿尔·帕西诺 A...",教父2,45,9.1,185797,https://movie.douban.com/subject/1299131/
爱是一切逻辑和原由。,"
                            导演: 朗·霍华德 Ron Howard   主演: 罗素·克劳 Russell Crowe / 詹妮弗·...",美丽心灵,46,8.9,303398,https://movie.douban.com/subject/1306029/
承前启后的史诗篇章。,"
                            导演: 彼得·杰克逊 Peter Jackson   主演: 伊利亚·伍德 Elijah Wood / 西恩...",指环王2：双塔奇兵,47,8.9,269323,https://movie.douban.com/subject/1291572/
传说的开始。,"
                            导演: 彼得·杰克逊 Peter Jackson   主演: 伊利亚·伍德 Elijah Wood / 西恩...",指环王1：魔戒再现,48,8.9,300883,https://movie.douban.com/subject/1291571/
当一个死水般的体制内出现一个活跃的变数时，所有的腐臭都站在了光明的对面。,"
                            导演: 彼得·威尔 Peter Weir   主演: 罗宾·威廉姆斯 Robin Williams / 罗伯...",死亡诗社,49,8.9,275530,https://movie.douban.com/subject/1291548/
暗恋的极致。,"
                            导演: 岩井俊二 Shunji Iwai   主演: 中山美穗 Miho Nakayama / 丰川悦司 Ets...",情书,50,8.8,371929,https://movie.douban.com/subject/1292220/
比利·怀德满分作品。,"
                            导演: 比利·怀尔德 Billy Wilder   主演: 查尔斯·劳顿 Charles Laughton / ...",控方证人,51,9.6,85047,https://movie.douban.com/subject/1296141/
法式小清新。 ,"
                            导演: 让-皮埃尔·热内 Jean-Pierre Jeunet   主演: 奥黛丽·塔图 Audrey Tau...",天使爱美丽,52,8.7,479332,https://movie.douban.com/subject/1292215/
往事如烟，无处祭奠。,"
                            导演: 赛尔乔·莱翁内 Sergio Leone   主演: 罗伯特·德尼罗 Robert De Niro ...",美国往事,53,9.1,173187,https://movie.douban.com/subject/1292262/
电影的现实意义大过电影本身。,"
                            导演: 杨宇硕 Woo-seok Yang   主演: 宋康昊 Kang-ho Song / 吴达洙 Dal-su O...",辩护人,54,9.1,198330,https://movie.douban.com/subject/21937445/
音乐能化解仇恨。,"
                            导演: 罗曼·波兰斯基 Roman Polanski   主演: 艾德里安·布洛迪 Adrien Brod...",钢琴家,55,9.0,201356,https://movie.douban.com/subject/1296736/
人生不能像做菜，把所有的料都准备好了才下锅。,"
                            导演: 李安 Ang Lee   主演: 吴倩莲 Chien-lien Wu / 杨贵媚 Kuei-Mei Yang /...",饮食男女,56,9.0,193856,https://movie.douban.com/subject/1291818/
警察抓小偷，老鼠玩死猫。,"
                            导演: 大卫·芬奇 David Fincher   主演: 摩根·弗里曼 Morgan Freeman / 布...",七宗罪,57,8.7,431800,https://movie.douban.com/subject/1292223/
动物版《哈姆雷特》。,"
                            导演: Roger Allers / 罗伯·明可夫 Rob Minkoff   主演: 乔纳森·泰勒·托马...",狮子王,58,8.9,278680,https://movie.douban.com/subject/1301753/
以戏谑来戏谑戏谑。,"
                            导演: 中岛哲也 Tetsuya Nakashima   主演: 中谷美纪 Miki Nakatani / 瑛太 E...",被嫌弃的松子的一生,59,8.9,277996,https://movie.douban.com/subject/1787291/
孪生蝙蝠侠大战克隆金刚狼。,"
                            导演: 克里斯托弗·诺兰 Christopher Nolan   主演: 克里斯蒂安·贝尔 Christ...",致命魔术,60,8.8,338992,https://movie.douban.com/subject/1780330/
奔跑的孩子是天使。,"
                            导演: 马基德·马基迪 Majid Majidi   主演: Amir Farrokh Hashemian / 默罕...",小鞋子,61,9.2,134823,https://movie.douban.com/subject/1303021/
史诗大片的典范。,"
                            导演: 梅尔·吉布森 Mel Gibson   主演: 梅尔·吉布森 Mel Gibson / 苏菲·玛...",勇敢的心,62,8.8,293156,https://movie.douban.com/subject/1294639/
浪漫忧郁的成人童话。,"
                            导演: Tim Burton   主演: 约翰尼·德普 Johnny Depp / 薇诺娜·瑞德 Winona ...",剪刀手爱德华,63,8.7,478942,https://movie.douban.com/subject/1292370/
用音乐化解仇恨，让歌声串起美好。,"
                            导演: Robert Wise   主演: 朱丽·安德鲁斯 Julie Andrews / 克里斯托弗·普...",音乐之声,64,8.9,229416,https://movie.douban.com/subject/1294408/
迪士尼给我们营造的乌托邦就是这样，永远善良勇敢，永远出乎意料。,"
                            导演: 拜伦·霍华德 Byron Howard / 瑞奇·摩尔 Rich Moore   主演: 金妮弗·...",疯狂动物城,65,9.2,487279,https://movie.douban.com/subject/25662329/
故事的高级讲法。,"
                            导演: 昆汀·塔伦蒂诺 Quentin Tarantino   主演: 约翰·特拉沃尔塔 John Tra...",低俗小说,66,8.7,329700,https://movie.douban.com/subject/1291832/
受过伤害的人总是笑得最开心，因为他们不愿意让身边的人承受一样的痛苦。,"
                            导演: 李濬益 Jun-ik Lee   主演: 薛景求 Kyung-gu Sol / 严志媛 Ji-won Uhm ...",素媛,67,9.1,172907,https://movie.douban.com/subject/21937452/
在时间之河里感受溺水之苦。,"
                            导演: 大卫·芬奇 David Fincher   主演: 凯特·布兰切特 Cate Blanchett / ...",本杰明·巴顿奇事,68,8.7,388306,https://movie.douban.com/subject/1485260/
死可能是一道门，逝去并不是终结，而是超越，走向下一程。,"
                            导演: 泷田洋二郎 Yôjirô Takita   主演: 本木雅弘 Masahiro Motoki / ...",入殓师,69,8.8,315687,https://movie.douban.com/subject/2149806/
安东尼·霍普金斯的顶级表演。,"
                            导演: 乔纳森·戴米 Jonathan Demme   主演: 朱迪·福斯特 Jodie Foster / 安...",沉默的羔羊,70,8.7,348300,https://movie.douban.com/subject/1293544/
视觉革命。,"
                            导演: 安迪·沃卓斯基 Andy Wachowski / 拉娜·沃卓斯基 Lana Wachowski   主...",黑客帝国,71,8.8,276213,https://movie.douban.com/subject/1291843/
美利坚精神输出大片No1.,"
                            导演: 史蒂文·斯皮尔伯格 Steven Spielberg   主演: 汤姆·汉克斯 Tom Hanks...",拯救大兵瑞恩,72,8.8,233260,https://movie.douban.com/subject/1292849/
人的命运被自己瞬间的抉择改变。,"
                            导演: 埃里克·布雷斯 Eric Bress / J·麦基·格鲁伯 J. Mackye Gruber   主...",蝴蝶效应,73,8.7,376013,https://movie.douban.com/subject/1292343/
美丽无罪。,"
                            导演: 朱塞佩·托纳多雷 Giuseppe Tornatore   主演: 莫妮卡·贝鲁奇 Monica ...",西西里的美丽传说,74,8.7,340833,https://movie.douban.com/subject/1292402/
你是我最好的朋友，你是我唯一的朋友 。,"
                            导演: Adam Elliot   主演: 托妮·科莱特 Toni Collette / 菲利普·塞默·霍...",玛丽和马克思,75,8.9,230329,https://movie.douban.com/subject/3072124/
人生中应该拥有这样的一段豁然开朗。,"
                            导演: 格斯·范·桑特 Gus Van Sant   主演: 马特·达蒙 Matt Damon / 罗宾·...",心灵捕手,76,8.7,265615,https://movie.douban.com/subject/1292656/
爱情纠缠，男女一致。,"
                            导演: 王家卫 Kar Wai Wong   主演: 张国荣 Leslie Cheung / 梁朝伟 Tony Leu...",春光乍泄,77,8.8,240567,https://movie.douban.com/subject/1292679/
人与自然的战争史诗。,"
                            导演: 宫崎骏 Hayao Miyazaki   主演: 松田洋治 Yôji Matsuda / 石田百合...",幽灵公主,78,8.8,230628,https://movie.douban.com/subject/1297359/
你给我翻译翻译，神马叫做TMD的惊喜。,"
                            导演: 姜文 Wen Jiang   主演: 姜文 Wen Jiang / 葛优 You Ge / 周润发 Yun-F...",让子弹飞,79,8.7,612255,https://movie.douban.com/subject/3742360/
深入内心的恐怖，出人意料的结局。,"
                            导演: M·奈特·沙马兰 M. Night Shyamalan   主演: 布鲁斯·威利斯 Bruce Wi...",第六感,80,8.8,230569,https://movie.douban.com/subject/1297630/
一场华丽的意淫。,"
                            导演: 姜文 Wen Jiang   主演: 夏雨 Yu Xia / 宁静 Jing Ning / 陶虹 Hong Tao",阳光灿烂的日子,81,8.7,265232,https://movie.douban.com/subject/1291875/
经典之作，历久弥新。,"
                            导演: 万籁鸣 Laiming Wan / 唐澄 Cheng  Tang   主演: 邱岳峰 Yuefeng Qiu /...",大闹天宫,82,9.2,95661,https://movie.douban.com/subject/1418019/
抱着梦想而活着的人是幸福的，怀抱梦想而死去的人是不朽的。,"
                            导演: 蒂姆·波顿 Tim Burton   主演: 伊万·麦克格雷格 Ewan McGregor / 阿...",大鱼,83,8.7,247612,https://movie.douban.com/subject/1291545/
寂寞没有期限。,"
                            导演: 王家卫 Kar Wai Wong   主演: 林青霞 Brigitte Lin / 金城武 Takeshi K...",重庆森林,84,8.6,322323,https://movie.douban.com/subject/1291999/
百看不厌。 ,"
                            导演: 刘镇伟 Jeffrey Lau   主演: 梁朝伟 Tony Leung Chiu Wai / 林青霞 Bri...",射雕英雄传之东成西就,85,8.7,270332,https://movie.douban.com/subject/1316510/
昔日翩翩少年，今日大腹便便。,"
                            导演: Martin Scorsese   主演: 莱昂纳多·迪卡普里奥 Leonardo DiCaprio / ...",禁闭岛,86,8.6,351020,https://movie.douban.com/subject/2334904/
相逢只要一瞬间，等待却像是一辈子。,"
                            导演: 陈可辛 Peter Chan   主演: 黎明 Leon Lai / 张曼玉 Maggie Cheung / ...",甜蜜蜜,87,8.7,228290,https://movie.douban.com/subject/1305164/
被上帝抛弃了的上帝之城。,"
                            导演: Kátia Lund / Fernando Meirelles   主演: Alexandre Rodrigues / Lea...",上帝之城,88,8.9,155613,https://movie.douban.com/subject/1292208/
再多各自牛逼的时光，也比不上一起傻逼的岁月。 ,"
                            导演: 姜炯哲 Hyeong-Cheol Kang   主演: 沈恩京 Eun-kyung Shim / 闵孝琳 Hy...",阳光姐妹淘,89,8.8,262855,https://movie.douban.com/subject/4917726/
最不可能的那个人永远是最可能的。,"
                            导演: James Mangold   主演: John Cusack / Ray Liotta / Amanda Peet",致命ID,90,8.6,311104,https://movie.douban.com/subject/1297192/
我们都曾经是一一。,"
                            导演: 杨德昌 Edward Yang   主演: 吴念真 / 李凯莉 Kelly Lee / 金燕玲 Elai...",一一,91,8.9,152188,https://movie.douban.com/subject/1292434/
没有一人完全善，也没有一人完全恶。,"
                            导演: 中岛哲也 Tetsuya Nakashima   主演: 松隆子 Takako Matsu / 冈田将生 ...",告白,92,8.7,334413,https://movie.douban.com/subject/4268598/
人言可畏。,"
                            导演: 托马斯·温特伯格 Thomas Vinterberg   主演: 麦斯·米科尔森 Mads Mik...",狩猎,93,9.0,122767,https://movie.douban.com/subject/6985810/
小清新的故事里注入了大历史的情怀。,"
                            导演: 韦斯·安德森 Wes Anderson   主演: 拉尔夫·费因斯 Ralph Fiennes / ...",布达佩斯大饭店,94,8.7,299545,https://movie.douban.com/subject/11525673/
约翰尼·德普的独角戏。,"
                            导演: 戈尔·维宾斯基 Gore Verbinski   主演: 约翰尼·德普 Johnny Depp / ...",加勒比海盗,95,8.6,334869,https://movie.douban.com/subject/1298070/
“不要跟我比惨，我比你更惨”再适合这部电影不过了。,"
                            导演: 贝纳尔多·贝托鲁奇 Bernardo Bertolucci   主演: 尊龙 John Lone / 陈...",末代皇帝,96,8.9,158547,https://movie.douban.com/subject/1293172/
每个人心中都有一座断背山。,"
                            导演: 李安 Ang Lee   主演: 希斯·莱杰 Heath Ledger / 杰克·吉伦哈尔 Jake...",断背山,97,8.6,311199,https://movie.douban.com/subject/1418834/
缘分是个连绵词，最美不过一瞬。,"
                            导演: 理查德·林克莱特 Richard Linklater   主演: 伊桑·霍克 Ethan Hawke ...",爱在黎明破晓前,98,8.7,214493,https://movie.douban.com/subject/1296339/
绝对意义上的美轮美奂。,"
                            导演: 詹姆斯·卡梅隆 James Cameron   主演: 萨姆·沃辛顿 Sam Worthington ...",阿凡达,99,8.6,517451,https://movie.douban.com/subject/1652587/
大时代中的人生，小人物的悲喜。,"
                            导演: 查理·卓别林 Charles Chaplin   主演: 查理·卓别林 Charles Chaplin ...",摩登时代,100,9.2,85261,https://movie.douban.com/subject/1294371/
骗子大师和执著警探的你追我跑故事。 ,"
                            导演: 史蒂文·斯皮尔伯格 Steven Spielberg   主演: 莱昂纳多·迪卡普里奥 L...",猫鼠游戏,101,8.7,215212,https://movie.douban.com/subject/1305487/
童话世界的开端。,"
                            导演: Chris Columbus   主演: Daniel Radcliffe / Emma Watson / Rupert Grint",哈利·波特与魔法石,102,8.7,244217,https://movie.douban.com/subject/1295038/
动画片的圣经。,"
                            导演: 宫崎骏 Hayao Miyazaki   主演: 岛本须美 Sumi Shimamoto / 松田洋治 Y...",风之谷,103,8.8,171909,https://movie.douban.com/subject/1291585/
九年后的重逢是世俗和责任的交叠，没了悸动和青涩，沧桑而温暖。,"
                            导演: 理查德·林克莱特 Richard Linklater   主演: 伊桑·霍克 Ethan Hawke ...",爱在日落黄昏时,104,8.7,193738,https://movie.douban.com/subject/1291990/
少女情怀总是诗。,"
                            导演: 近藤喜文 Yoshifumi Kondo   主演: 本名阳子 Youko Honna / 小林桂树 K...",侧耳倾听,105,8.8,163374,https://movie.douban.com/subject/1297052/
幸福是生生不息，却难以触及的远。 ,"
                            导演: 高畑勋 Isao Takahata   主演: 辰己努 / 白石绫乃 / 志乃原良子",萤火虫之墓,106,8.7,199125,https://movie.douban.com/subject/1293318/
尽管有些不切实际的幻想，这部电影依旧是一部感人肺腑的佳作。,"
                            导演: 马克·赫门 Mark Herman   主演: 阿沙·巴特菲尔德 Asa Butterfield / ...",穿条纹睡衣的男孩,107,8.9,136993,https://movie.douban.com/subject/3008247/
和谐的生活离不开摸头与被摸头。,"
                            导演: 迪恩·德布洛斯 Dean DeBlois / 克里斯·桑德斯 Chris Sanders   主演:...",驯龙高手,108,8.7,276952,https://movie.douban.com/subject/2353023/
穷尽一生，我们要学会的，不过是彼此拥抱。,"
                            导演: 托尼·凯耶 Tony Kaye   主演: 艾德里安·布洛迪 Adrien Brody / 马西...",超脱,109,8.8,167481,https://movie.douban.com/subject/5322596/
年度最佳date movie。,"
                            导演: 大卫·芬奇 David Fincher   主演: 本·阿弗莱克 Ben Affleck / 罗莎蒙...",消失的爱人,110,8.7,340844,https://movie.douban.com/subject/21318488/
有时候幸福需要等一等。 ,"
                            导演: 史蒂文·斯皮尔伯格 Steven Spielberg   主演: 汤姆·汉克斯 Tom Hanks...",幸福终点站,111,8.6,219960,https://movie.douban.com/subject/1292274/
大海啊，不全是水。,"
                            导演: 雅克·贝汉 Jacques Perrin / 雅克·克鲁奥德 Jacques Cluzaud   主演:...",海洋,112,9.0,97468,https://movie.douban.com/subject/3443389/
从没见过那么流氓的温柔，从没见过那么温柔的流氓。,"
                            导演: 北野武 Takeshi Kitano   主演: 北野武 Takeshi Kitano / 关口雄介 Yus...",菊次郎的夏天,113,8.7,175462,https://movie.douban.com/subject/1293359/
两张绝世的脸。 ,"
                            导演: 程小东 Siu-Tung Ching   主演: 张国荣 Leslie Cheung / 王祖贤 Joey W...",倩女幽魂,114,8.6,240494,https://movie.douban.com/subject/1297447/
恐怖分子的“秋菊打官司”。,"
                            导演: 金秉祐 Byeong-woo Kim   主演: 河正宇 Jung-woo Ha / 李璟荣 Kyeong-y...",恐怖直播,115,8.7,209011,https://movie.douban.com/subject/21360417/
时代悲歌。,"
                            导演: 黑泽明 Akira Kurosawa   主演: 三船敏郎 Toshirô Mifune / 志村乔 ...",七武士,116,9.2,74904,https://movie.douban.com/subject/1295399/
Mr. I Don't Care其实也有Care的时候。,"
                            导演: 皮艾尔·柯芬 Pierre Coffin / 克里斯·雷纳德 Chris Renaud   主演: ...",神偷奶爸,117,8.5,362689,https://movie.douban.com/subject/3287562/
岁月流逝，来日可追。,"
                            导演: 罗启锐 Alex Law   主演: 吴君如 Sandra Ng / 任达华 Simon Yam / 钟绍...",岁月神偷,118,8.6,299942,https://movie.douban.com/subject/3792799/
真相就在眼前。,"
                            导演: 詹姆斯·温 James Wan   主演: 雷·沃纳尔 Leigh Whannell / 加利·艾...",电锯惊魂,119,8.7,193620,https://movie.douban.com/subject/1417598/
像吃了苏打饼一样干脆的电影。,"
                            导演: 保罗·格林格拉斯 Paul Greengrass   主演: 马特·达蒙 Matt Damon / ...",谍影重重3,120,8.7,175727,https://movie.douban.com/subject/1578507/
曾经的那段美好会沉淀为一辈子的记忆。,"
                            导演: 米林宏昌 Hiromasa Yonebayashi   主演: 志田未来 Mirai Shida / 神木...",借东西的小人阿莉埃蒂,121,8.7,210063,https://movie.douban.com/subject/4202302/
传奇，不是每个人都可以拥有。,"
                            导演: 爱德华·兹威克 Edward Zwick   主演: 安东尼·霍普金斯 Anthony Hopki...",燃情岁月,122,8.8,145965,https://movie.douban.com/subject/1295865/
梦的勾结。,"
                            导演: 今敏 Satoshi Kon   主演: 林原惠美 Megumi Hayashibara / 古谷彻 T...",红辣椒,123,8.8,125855,https://movie.douban.com/subject/1865703/
爱，是个动词。,"
                            导演: 理查德·柯蒂斯 Richard Curtis   主演: 休·格兰特 Hugh Grant / 柯林...",真爱至上,124,8.5,300469,https://movie.douban.com/subject/1292401/
生活在自己的世界里，也可以让周围的人显得可笑和渺小。,"
                            导演: 巴瑞·莱文森 Barry Levinson   主演: 达斯汀·霍夫曼 Dustin Hoffman ...",雨人,125,8.6,204762,https://movie.douban.com/subject/1291870/
上帝之城+猜火车+阿甘正传+开心辞典=山寨富翁,"
                            导演: 丹尼·鲍尔 Danny Boyle / 洛芙琳·坦丹 Loveleen Tandan   主演: 戴夫...",贫民窟的百万富翁,126,8.5,387029,https://movie.douban.com/subject/2209573/
关于连环杀人悬案的集体回忆。,"
                            导演: 奉俊昊 Joon-ho Bong   主演: 宋康昊 Kang-ho Song / 金相庆 Sang-kyun...",杀人回忆,127,8.6,201991,https://movie.douban.com/subject/1300299/
电影诗。,"
                            导演: 王家卫 Kar Wai Wong   主演: 张国荣 Leslie Cheung / 张曼玉 Maggie C...",东邪西毒,128,8.6,242045,https://movie.douban.com/subject/1292328/
一个针管引发的血案。,"
                            导演: 克里斯托弗·诺兰 Christopher Nolan   主演: 盖·皮尔斯 Guy Pearce /...",记忆碎片,129,8.5,270819,https://movie.douban.com/subject/1304447/
永远看不腻的喜剧。,"
                            导演: 杰拉尔·乌里 Gérard Oury   主演: 路易·德·菲耐斯 Louis de Funès...",虎口脱险,130,8.9,104361,https://movie.douban.com/subject/1296909/
老少皆宜，这就是好莱坞动画的魅力。,"
                            导演: 科克·德·米科 Kirk De Micco / 克里斯·桑德斯 Chris Sanders   主演...",疯狂原始人,131,8.7,359805,https://movie.douban.com/subject/1907966/
不要给它起名字，起了名字就有感情了。,"
                            导演: 彼特·道格特 Pete Docter / 大卫·斯沃曼 David Silverman   主演: 约...",怪兽电力公司,132,8.6,230822,https://movie.douban.com/subject/1291579/
当这个世界闭上双眼，他却敞开了怀抱。,"
                            导演: 特瑞·乔治 Terry George   主演: 唐·钱德尔 Don Cheadle / 苏菲·奥...",卢旺达饭店,133,8.8,115142,https://movie.douban.com/subject/1291822/
中国家庭的喜怒哀乐忍。,"
                            导演: 李安   主演: 赵文瑄 / 归亚蕾 / 金素梅",喜宴,134,8.8,133481,https://movie.douban.com/subject/1303037/
黑暗之美。,"
                            导演: 达伦·阿罗诺夫斯基 Darren Aronofsky   主演: 娜塔丽·波曼 Natalie P...",黑天鹅,135,8.5,404665,https://movie.douban.com/subject/1978709/
那些静得只能听见呼吸的日子里，你明白孤独即生活。,"
                            导演: 森淳一 Junichi Mori   主演: 桥本爱 Ai Hashimoto / 三浦贵大 Takahir...",小森林 夏秋篇,136,8.9,121060,https://movie.douban.com/subject/25814705/
我是一个演员。,"
                            导演: 周星驰 Stephen Chow / 李力持 Lik-Chi Lee   主演: 周星驰 Stephen Ch...",喜剧之王,137,8.5,297561,https://movie.douban.com/subject/1302425/
中国式内在的美国电影。,"
                            导演: Mervyn LeRoy   主演: Vivien Leigh / Robert Taylor / Lucile Watson",魂断蓝桥,138,8.8,125994,https://movie.douban.com/subject/1293964/
爱上未来的你。 ,"
                            导演: 细田守 Mamoru Hosoda   主演: 仲里依纱 Riisa Naka / 石田卓也 Takuya...",穿越时空的少女,139,8.6,180007,https://movie.douban.com/subject/1937946/
不可猜的青春迷笛。 ,"
                            导演: 丹尼·博伊尔 Danny Boyle   主演: 伊万·麦克格雷格 Ewan McGregor / ...",猜火车,140,8.5,242403,https://movie.douban.com/subject/1292528/
英雄泪短，兄弟情长。 ,"
                            导演: 吴宇森 John Woo   主演: 周润发 Yun-Fat Chow / 狄龙 Lung Ti / 张国...",英雄本色,141,8.7,143958,https://movie.douban.com/subject/1297574/
爱情没有那么多借口，如果不能圆满，只能说明爱的不够。 ,"
                            导演: 尼克·卡索维茨 Nick Cassavetes   主演: 瑞恩·高斯林 Ryan Gosling /...",恋恋笔记本,142,8.5,271415,https://movie.douban.com/subject/1309163/
骨灰级歌舞片。,"
                            导演: Stanley Donen / Gene Kelly   主演: Gene Kelly / Donald O'Connor / ...",雨中曲,143,8.9,90441,https://movie.douban.com/subject/1293460/
爱是摈弃傲慢与偏见之后的曙光。,"
                            导演: 乔·怀特 Joe Wright   主演: 凯拉·奈特莉 Keira Knightley / 马修·...",傲慢与偏见,144,8.4,290478,https://movie.douban.com/subject/1418200/
任何信念的力量，都无法改变命运。,"
                            导演: 弗朗西斯·福特·科波拉 Francis Ford Coppola   主演: 阿尔·帕西诺 A...",教父3,145,8.7,124692,https://movie.douban.com/subject/1294240/
坏人的好总是比好人的好来得更感人。,"
                            导演: 克林特·伊斯特伍德 Clint Eastwood   主演: 凯文·科斯特纳 Kevin Cos...",完美的世界,146,9.0,76190,https://movie.douban.com/subject/1300992/
香港浪漫主义警匪动作片的巅峰之作。,"
                            导演: 吴宇森 John Woo   主演: 周润发 Yun-Fat Chow / 张国荣 Leslie Cheung...",纵横四海,147,8.7,137558,https://movie.douban.com/subject/1295409/
触不到的恋人。,"
                            导演: 大森贵弘 Takahiro Omori   主演: 佐仓绫音 Ayane Sakura / 内山昂辉 K...",萤火之森,148,8.7,149423,https://movie.douban.com/subject/5989818/
跨度十五年的欢乐与泪水。,"
                            导演: 李·昂克里奇 Lee Unkrich   主演: 汤姆·汉克斯 Tom Hanks / 蒂姆·艾...",玩具总动员3,149,8.7,186322,https://movie.douban.com/subject/1858711/
,"
                            导演: 郭柯 Ke Guo   主演: ",二十二,150,8.8,78806,https://movie.douban.com/subject/26430107/
《我是山姆》的《美丽人生》。,"
                            导演: 李焕庆 Hwan-kyeong Lee   主演: 柳承龙 Seung-yong Ryoo / 朴信惠 Shi...",7号房的礼物,151,8.7,165166,https://movie.douban.com/subject/10777687/
10年的完美句点。,"
                            导演: 大卫·叶茨 David Yates   主演: 丹尼尔·雷德克里夫 Daniel Radcliffe...",哈利·波特与死亡圣器(下),152,8.6,263103,https://movie.douban.com/subject/3011235/
对爱的执着，可以超越一切。,"
                            导演: 史蒂文·斯皮尔伯格 Steven Spielberg   主演: 海利·乔·奥斯蒙 Haley...",人工智能,153,8.6,183498,https://movie.douban.com/subject/1302827/
爱并不需要智商 。,"
                            导演: 杰茜·尼尔森 Jessie Nelson   主演: Sean Penn / Dakota Fanning / Mi...",我是山姆,154,8.8,98492,https://movie.douban.com/subject/1306861/
偷情本没有这样美。,"
                            导演: 王家卫 Kar Wai Wong   主演: 梁朝伟 Tony Leung Chiu Wai / 张曼玉 Ma...",花样年华,155,8.5,236365,https://movie.douban.com/subject/1291557/
世界离独裁只有五天。,"
                            导演: 丹尼斯·甘塞尔 Dennis Gansel   主演: 尤尔根·沃格尔 Jürgen Vogel ...",浪潮,156,8.7,126737,https://movie.douban.com/subject/2297265/
一个单凭体香达到高潮的男人。,"
                            导演: 汤姆·提克威 Tom Tykwer   主演: 本·卫肖 Ben Whishaw / 艾伦·瑞克...",香水,157,8.4,266174,https://movie.douban.com/subject/1760622/
松鼠才是角儿。,"
                            导演: 卡洛斯·沙尔丹哈 Carlos Saldanha / 克里斯·韦奇 Chris Wedge   主演...",冰川时代,158,8.4,260120,https://movie.douban.com/subject/1291578/
诺兰的牛逼来源于内心散发出的恐惧。,"
                            导演: 克里斯托弗·诺兰 Christopher Nolan   主演: 杰里米·西奥伯德 Jeremy...",追随,159,8.9,78200,https://movie.douban.com/subject/1397546/
当爱情跨越年龄的界限，它似乎能变得更久远一点，成为一种责任，一种水到渠成的相濡以沫。 ,"
                            导演: 史蒂芬·戴德利 Stephen Daldry   主演: 凯特·温丝莱特 Kate Winslet ...",朗读者,160,8.5,270457,https://movie.douban.com/subject/2213597/
天使与魔鬼的冲撞。,"
                            导演: 保罗·哈吉斯 Paul Haggis   主演: 桑德拉·布洛克 Sandra Bullock / ...",撞车,161,8.6,168948,https://movie.douban.com/subject/1388216/
始于荒诞，止于更荒诞。,"
                            导演: 达米安·斯兹弗隆 Damián Szifron   主演: 达里奥·葛兰帝内提 Darío...",荒蛮故事,162,8.7,124045,https://movie.douban.com/subject/24750126/
我们都有权利不与自己的过去和解。,"
                            导演: 肯尼斯·罗纳根 Kenneth Lonergan   主演: 卡西·阿弗莱克 Casey Affle...",海边的曼彻斯特,163,8.6,150018,https://movie.douban.com/subject/25980443/
只有有信仰的人才能说出事实真相。,"
                            导演: 阿斯哈·法哈蒂  Asghar Farhadi   主演: 佩曼·莫阿迪 Peyman Moadi /...",一次别离,164,8.7,127283,https://movie.douban.com/subject/5964718/
人生的N种可能性。,"
                            导演: 黑泽明 Akira Kurosawa   主演: 三船敏郎 Toshirô Mifune / 千秋实 ...",罗生门,165,8.7,118703,https://movie.douban.com/subject/1291879/
把每天当作最后一天般珍惜度过，积极拥抱生活，就是幸福。,"
                            导演: 理查德·柯蒂斯 Richard Curtis   主演: 多姆纳尔·格利森 Domhnall Gl...",时空恋旅人,166,8.6,187263,https://movie.douban.com/subject/10577869/
荒诞讽刺，千奇百巧，抽丝剥茧，百转千回。,"
                            导演: 忻钰坤 Yukun Xin   主演: 霍卫民 Weimin Huo / 王笑天 Xiaotian Wang ...",心迷宫,167,8.6,149969,https://movie.douban.com/subject/25917973/
华太师是黄霑，吴镇宇四大才子之一。,"
                            导演: 李力持 Lik-Chi Lee   主演: 周星驰 Stephen Chow / 巩俐 Li Gong / 陈...",唐伯虎点秋香,168,8.4,305109,https://movie.douban.com/subject/1306249/
Balalala~~~,"
                            导演: 唐·霍尔 Don Hall / 克里斯·威廉姆斯 Chris Williams   主演: 斯科特...",超能陆战队,169,8.6,350434,https://movie.douban.com/subject/11026735/
尊敬他人，尊敬你生活的这片土地，明白孤独是人生的常态。,"
                            导演: 森淳一 Junichi Mori   主演: 桥本爱 Ai Hashimoto / 三浦贵大 Takahir...",小森林 冬春篇,170,8.9,104120,https://movie.douban.com/subject/25814707/
做一颗让别人需要你的棋子。,"
                            导演: 安德鲁·尼科尔 Andrew Niccol   主演: 尼古拉斯·凯奇 Nicolas Cage /...",战争之王,171,8.5,168355,https://movie.douban.com/subject/1419936/
一场没有春天的噩梦。,"
                            导演: 达伦·阿伦诺夫斯基 Darren Aronofsky   主演: 艾伦·伯斯汀 Ellen Bur...",梦之安魂曲,172,8.7,107589,https://movie.douban.com/subject/1292270/
坚硬的信仰。,"
                            导演: 陆川 Chuan Lu   主演: 多布杰 Duobujie / 张磊 Lei Zhang / 亓亮 Qi L...",可可西里,173,8.6,123807,https://movie.douban.com/subject/1308857/
诺兰就是保证。,"
                            导演: 克里斯托弗·诺兰 Christopher Nolan   主演: 克里斯蒂安·贝尔 Christ...",蝙蝠侠：黑暗骑士崛起,174,8.5,282784,https://movie.douban.com/subject/3395373/
在那片深蓝中，感受来自大海的忧伤寂寞与美丽自由。,"
                            导演: Luc Besson   主演: 让-马克·巴尔 Jean-Marc Barr / 让·雷诺 Jean Re...",碧海蓝天,175,8.7,105454,https://movie.douban.com/subject/1300960/
天使保护事件始末。,"
                            导演: 阿米尔·汗 Aamir Khan   主演: 达席尔·萨法瑞 Darsheel Safary / 阿...",地球上的星星,176,8.8,80173,https://movie.douban.com/subject/2363506/
青春就是放弃和怀念。,"
                            导演: 新海诚 Makoto Shinkai   主演: 水桥研二 Kenji Mizuhashi / 近藤好美 ...",秒速5厘米,177,8.3,281464,https://movie.douban.com/subject/2043546/
好的剧本是，就算你猜到了结局也猜不到全部。,"
                            导演: 今敏 Satoshi Kon   主演: 岩男润子 Junko Iwao / 松本梨香 Rica Matsu...",未麻的部屋,178,8.8,89388,https://movie.douban.com/subject/1395091/
不要企图在重复中寻找已经失去的爱。,"
                            导演: 克里斯托弗·史密斯 Christopher Smith   主演: 梅利莎·乔治 Melissa ...",恐怖游轮,179,8.3,303815,https://movie.douban.com/subject/3011051/
谁说王家卫镜头很晃？,"
                            导演: 保罗·格林格拉斯 Paul Greengrass   主演: 马特·达蒙 Matt Damon / ...",谍影重重2,180,8.5,152572,https://movie.douban.com/subject/1308767/
这个世界从不善待努力的人，努力了也不一定会成功，但是知道自己在努力，就是活下去的动力。,"
                            导演: 达米安·沙泽勒 Damien Chazelle   主演: 迈尔斯·特勒 Miles Teller /...",爆裂鼓手,181,8.6,224959,https://movie.douban.com/subject/25773932/
哗啦啦啦啦，天在下雨，哗啦啦啦啦，云在哭泣……找自己。,"
                            导演: 道格·里曼 Doug Liman   主演: 马特·达蒙 Matt Damon / 弗兰卡·波坦...",谍影重重,182,8.5,184093,https://movie.douban.com/subject/1304102/
生命不止，摇滚不死。,"
                            导演: 理查德·柯蒂斯 Richard Curtis   主演: 比尔·奈伊 Bill Nighy / 肯尼...",海盗电台,183,8.6,160755,https://movie.douban.com/subject/3007773/
王家卫是一种风格，张国荣是一个代表。,"
                            导演: 王家卫 Kar Wai Wong   主演: 张国荣 Leslie Cheung / 张曼玉 Maggie C...",阿飞正传,184,8.5,171755,https://movie.douban.com/subject/1305690/
Jared Leto的腿比女人还美！,"
                            导演: 让-马克·瓦雷 Jean-Marc Vallée   主演: 马修·麦康纳 Matthew McCon...",达拉斯买家俱乐部,185,8.6,160142,https://movie.douban.com/subject/1793929/
弱者送给弱者的一刀。,"
                            导演: 杨德昌 Edward Yang   主演: 张震 Chen Chang / 杨静怡 Lisa Yang / 张...",牯岭街少年杀人事件,186,8.7,100908,https://movie.douban.com/subject/1292329/
故事的反转与反转，分裂电影的始祖。,"
                            导演: Alfred Hitchcock   主演: Janet Leigh / Anthony Perkins / Vera Miles",惊魂记,187,8.8,78355,https://movie.douban.com/subject/1293181/
宫崎骏的电影总让人感觉世界是美好的，阳光明媚的。,"
                            导演: 宫崎骏 Hayao Miyazaki   主演: 高山南 / 佐久间玲 / 山口胜平",魔女宅急便,188,8.4,184664,https://movie.douban.com/subject/1307811/
爱我就给我看你的播放列表。,"
                            导演: 约翰·卡尼 John Carney   主演: 凯拉·奈特莉 Keira Knightley / 马克...",再次出发之纽约遇见你,189,8.5,157828,https://movie.douban.com/subject/6874403/
天使暂时离开。,"
                            导演: Frank Darabont   主演: 汤姆·汉克斯 Tom Hanks / 大卫·摩斯 David M...",绿里奇迹,190,8.7,101752,https://movie.douban.com/subject/1300374/
最美的飞翔。,"
                            导演: 雅克·贝汉 Jacques Perrin / 雅克·克鲁奥德 Jacques Cluzaud   主演:...",迁徙的鸟,191,9.1,50392,https://movie.douban.com/subject/1292281/
热血沸腾，那个低俗、性感的无耻混蛋又来了。,"
                            导演: 昆汀·塔伦蒂诺 Quentin Tarantino   主演: 杰米·福克斯 Jamie Foxx /...",被解救的姜戈,192,8.5,248762,https://movie.douban.com/subject/6307447/
东京那么大，如果有一天走失了，恐怕一辈子不能再相见。,"
                            导演: 小津安二郎 Yasujirô Ozu   主演: 笠智众 Chishû Ryû / 原节...",东京物语,193,9.2,47854,https://movie.douban.com/subject/1291568/
类型片的极致。 ,"
                            导演: 迈克尔·贝 Michael Bay   主演: 肖恩·康纳利 Sean Connery / 尼古拉...",勇闯夺命岛,194,8.5,136571,https://movie.douban.com/subject/1292728/
出门必备：本草纲目。,"
                            导演: 西恩·潘 Sean Penn   主演: 埃米尔·赫斯基 Emile Hirsch / 马西娅·...",荒野生存,195,8.6,121955,https://movie.douban.com/subject/1905462/
没有了退路，只好飞向自由。,"
                            导演: 雷德利·斯科特 Ridley Scott   主演: 吉娜·戴维斯 Geena Davis / 苏...",末路狂花,196,8.7,99491,https://movie.douban.com/subject/1291992/
与同名歌曲无关。,"
                            导演: Michael Curtiz   主演: 亨弗莱·鲍嘉 Humphrey Bogart / 英格丽·褒曼...",卡萨布兰卡,197,8.6,119294,https://movie.douban.com/subject/1296753/
人生如此，浮生如斯。谁人言，花彼岸，此生情长意短。谁都是不懂爱的罢了。,"
                            导演: 徐克 Hark Tsui   主演: 张曼玉 Maggie Cheung / 王祖贤 Joey Wang / ...",青蛇,198,8.4,208942,https://movie.douban.com/subject/1303394/
少见的超越首部的续集，动作片中的经典。,"
                            导演: 詹姆斯·卡梅隆 James Cameron   主演: 阿诺·施瓦辛格 Arnold Schwarz...",终结者2：审判日,199,8.5,134688,https://movie.douban.com/subject/1291844/
养狗三日，便会对你终其一生。,"
                            导演: Seijirô Kôyama   主演: 山本圭 Kei Yamamoto / 井川比佐志 Hisa...",忠犬八公物语,200,9.0,53604,https://movie.douban.com/subject/1959195/
现实与童话交相辉映的旅程。,"
                            导演: 岩井俊二 Shunji Iwai   主演: 三上博史 / 恰拉 / 伊藤步",燕尾蝶,201,8.6,104729,https://movie.douban.com/subject/1307793/
科幻真正的魅力不是视觉效果能取代的。 ,"
                            导演: 理查德·沙因克曼 Richard Schenkman   主演: 大卫·李·史密斯 David ...",这个男人来自地球,202,8.5,169120,https://movie.douban.com/subject/2300586/
想你时你在闹海。,"
                            导演: 严定宪 Dingxian Yan / 王树忱 Shuchen Wang   主演: 梁正晖 / 邱岳峰 ...",哪吒闹海,203,8.8,75383,https://movie.douban.com/subject/1307315/
当发哥的风衣、墨镜出现在了凯奇身上⋯⋯,"
                            导演: 吴宇森 John Woo   主演: 约翰·特拉沃尔塔 John Travolta / 尼古拉斯...",变脸,204,8.4,205308,https://movie.douban.com/subject/1292659/
"In memory, love lives forever...","
                            导演: 安东尼·明格拉 Anthony Minghella   主演: 拉尔夫·费因斯 Ralph Fien...",英国病人,205,8.4,168131,https://movie.douban.com/subject/1291853/
邓肯·琼斯继《月球》之后再度奉献出一部精彩绝伦的科幻佳作。,"
                            导演: 邓肯·琼斯 Duncan Jones   主演: 杰克·吉伦哈尔 Jake Gyllenhaal / ...",源代码,206,8.3,391527,https://movie.douban.com/subject/3075287/
生病的E.T.皮肤的颜色就像柿子饼。,"
                            导演: Steven Spielberg   主演: Henry Thomas / Dee Wallace / Robert MacNa...",E.T. 外星人,207,8.5,145583,https://movie.douban.com/subject/1294638/
嬉笑怒骂，调风动月。,"
                            导演: 李惠民 Raymond Lee   主演: 张曼玉 Maggie Cheung / 林青霞 Brigitte ...",新龙门客栈,208,8.4,173747,https://movie.douban.com/subject/1292287/
最棒的西部片。,"
                            导演: Sergio Leone   主演: Clint Eastwood / Eli Wallach / Lee Van Cleef",黄金三镖客,209,9.1,48754,https://movie.douban.com/subject/1401118/
我完全康复了。,"
                            导演: Stanley Kubrick   主演: Malcolm McDowell / Patrick Magee / Michael...",发条橙,210,8.4,178507,https://movie.douban.com/subject/1292233/
不得不说，《黑客帝国》系列是商业片与科幻、哲学完美结合的典范。,"
                            导演: Andy Wachowski / Larry Wachowski   主演: Keanu Reeves / Laurence F...",黑客帝国3：矩阵革命,211,8.5,147267,https://movie.douban.com/subject/1302467/
乐观比一切都有力量。,"
                            导演: 彼得·维纳 Peter Werner   主演: 詹姆斯·沃克 James Wolk / 特里特·...",叫我第一名,212,8.6,104304,https://movie.douban.com/subject/4798888/
每个人的内心都是深不可测的大海。 ,"
                            导演: 萨姆·门德斯 Sam Mendes   主演: 凯文·史佩西 Kevin Spacey / 安妮特...",美国丽人,213,8.4,176443,https://movie.douban.com/subject/1292062/
永远的小人物，伟大的卓别林。,"
                            导演: Charles Chaplin   主演: 查理·卓别林 Charles Chaplin / 弗吉尼亚·...",城市之光,214,9.2,40829,https://movie.douban.com/subject/1293908/
大卫·林奇的梦境迷宫。,"
                            导演: 大卫·林奇 David Lynch   主演: 娜奥米·沃茨 Naomi Watts / 劳拉·哈...",穆赫兰道,215,8.3,223993,https://movie.douban.com/subject/1292217/
我不信仰上帝，但我敬畏上帝。,"
                            导演: 布莱恩·辛格 Bryan Singer   主演: 史蒂芬·鲍德温 Stephen Baldwin /...",非常嫌疑犯,216,8.6,110541,https://movie.douban.com/subject/1292214/
昆汀同学越来越变态了，比北野武还杜琪峰。,"
                            导演: Quentin Tarantino   主演: 布拉德·皮特 Brad Pitt / 梅拉尼·罗兰 M...",无耻混蛋,217,8.4,213503,https://movie.douban.com/subject/1438652/
黑小鸭速效美白记。,"
                            导演: 普特鹏·普罗萨卡·那·萨克那卡林 Puttipong Promsaka Na Sakolnakorn / 华森·波克彭...",初恋这件小事,218,8.3,436571,https://movie.douban.com/subject/4739952/
热血沸腾，相当完美的娱乐拳击大餐。,"
                            导演: 加文·欧康诺 Gavin O'Connor   主演: 汤姆·哈迪 Tom Hardy / 乔尔·...",勇士,219,8.9,83919,https://movie.douban.com/subject/3217169/
纯净原始的笑与感动。,"
                            导演: Jamie Uys   主演: Marius Weyers / Sandra Prinsloo / N!xau",上帝也疯狂,220,8.6,91967,https://movie.douban.com/subject/1297478/
他给机器起名“克里斯托弗”，因为这是他初恋的名字。,"
                            导演: 莫腾·泰杜姆 Morten Tyldum   主演: 本尼迪克特·康伯巴奇 Benedict C...",模仿游戏,221,8.5,239854,https://movie.douban.com/subject/10463953/
青春的窃窃私语。 ,"
                            导演: 易智言 Chih-yen Yee   主演: 陈柏霖 Bo-lin Chen / 桂纶镁 Lunmei Kwa...",蓝色大门,222,8.3,264115,https://movie.douban.com/subject/1308575/
献给所有外婆的电影。,"
                            导演: 李廷香 Jeong-hyang Lee   主演: 金艺芬 Eul-boon Kim / 俞承豪 Seung-...",爱·回家,223,9.0,45257,https://movie.douban.com/subject/1299361/
迪士尼和皮克斯拿错剧本的产物。,"
                            导演: 瑞奇·莫尔 Rich Moore   主演: 简·林奇 Jane Lynch / 约翰·C·赖利 ...",无敌破坏王,224,8.6,176521,https://movie.douban.com/subject/6534248/
捍卫人权只是信仰，一点不妨碍其行为的残忍。,"
                            导演: Alan Parker   主演: 凯文·史派西 Kevin Spacey / 凯特·温丝莱特 Kat...",大卫·戈尔的一生,225,8.7,84950,https://movie.douban.com/subject/1305725/
每个美丽事物背后都是滴血的现实。,"
                            导演: Edward Zwick   主演: Leonardo DiCaprio / Jennifer Connelly / Djimo...",血钻,226,8.5,123212,https://movie.douban.com/subject/1428175/
所谓爱情，就是话唠一路，都不会心生腻烦，彼此嫌弃。,"
                            导演: 理查德·林克莱特 Richard Linklater   主演: 伊桑·霍克 Ethan Hawke ...",爱在午夜降临前,227,8.8,108225,https://movie.douban.com/subject/10808442/
有些幸福无关爱情。,"
                            导演: 约翰·卡尼 John Carney   主演: 格伦·汉塞德 Glen Hansard / 玛可塔...",曾经,228,8.3,195636,https://movie.douban.com/subject/2053515/
皇上无话儿。,"
                            导演: 汤姆·霍珀 Tom Hooper   主演: 柯林·菲尔斯 Colin Firth / 杰弗里·...",国王的演讲,229,8.3,322239,https://movie.douban.com/subject/4023638/
麦兜是一只很哲学的猪。 ,"
                            导演: 袁建滔 Toe Yuen   主演: 李晋纬 / 林海峰 Jan Lamb / 吴君如 Sandra Ng",麦兜故事,230,8.5,122130,https://movie.douban.com/subject/1302476/
一群演技精湛的戏骨，奉献出一个精致的黑帮小品，成就杜琪峰群戏的巅峰之作。,"
                            导演: 杜琪峰 Johnnie To   主演: 吴镇宇 Francis Ng / 任达华 Simon Yam / ...",枪火,231,8.6,93827,https://movie.douban.com/subject/1300741/
恋爱是一次神经的冒险。就算失去记忆，也会爱上你。,"
                            导演: 米歇尔·冈瑞 Michel Gondry   主演: 金·凯瑞 Jim Carrey / 凯特·温...",暖暖内含光,232,8.4,138023,https://movie.douban.com/subject/1308777/
中国版《两杆大烟枪》。,"
                            导演: 宁浩 Hao Ning   主演: 郭涛 Tao Guo / 刘桦 Hua Liu / 连晋 Teddy Lin",疯狂的石头,233,8.2,294054,https://movie.douban.com/subject/1862151/
用剩余不多的时间，去燃烧整个生命。,"
                            导演: 罗伯·莱纳 Rob Reiner   主演: 杰克·尼科尔森 Jack Nicholson / 摩根...",遗愿清单,234,8.5,119398,https://movie.douban.com/subject/1867345/
我们长途跋涉寻找的东西，有可能一直就在身边。 ,"
                            导演: 菲利普·穆伊尔 Philippe Muyl   主演: 米歇尔·塞罗 Michel Serrault ...",蝴蝶,235,8.6,92210,https://movie.douban.com/subject/1292056/
一部能引人思考的科幻励志片。,"
                            导演: 安德鲁·尼科尔 Andrew Niccol   主演: 伊桑·霍克 Ethan Hawke / 乌玛...",千钧一发,236,8.7,79645,https://movie.douban.com/subject/1300117/
四百击的反面。,"
                            导演: Laurent Tirard   主演: 马克西姆·戈达尔 Maxime Godart / 瓦莱丽·勒...",巴黎淘气帮,237,8.6,101390,https://movie.douban.com/subject/3157605/
一个人的独角戏。,"
                            导演: 罗伯特·泽米吉斯 Robert Zemeckis   主演: 汤姆·汉克斯 Tom Hanks / ...",荒岛余生,238,8.5,125492,https://movie.douban.com/subject/1298653/
充满诗意与情怀的史诗作品。 ,"
                            导演: Kevin Costner   主演: Kevin Costner / Mary McDonnell / Graham Greene",与狼共舞,239,8.9,53990,https://movie.douban.com/subject/1293764/
被偷走的岁月，被伤害的生命，被禁锢的灵魂，终将被希望和善意救赎。,"
                            导演: 伦尼·阿伯拉罕森 Lenny Abrahamson   主演: 布丽·拉尔森 Brie Larson...",房间,240,8.8,137401,https://movie.douban.com/subject/25724855/
典型盖·里奇式的英国黑色幽默黑帮片。,"
                            导演: 盖·里奇 Guy Ritchie   主演: 布拉德·皮特 Brad Pitt / 本尼西奥·德...",偷拐抢骗,241,8.5,111045,https://movie.douban.com/subject/1301171/
2009媲美《第九区》的又一部科幻神作。,"
                            导演: 邓肯·琼斯 Duncan Jones   主演: 山姆·洛克威尔 Sam Rockwell / 凯文...",月球,242,8.5,136104,https://movie.douban.com/subject/3073124/
愿我们都不用长大，每一座城堡都能永远存在。,"
                            导演: 彼特·道格特 Pete Docter / 罗纳尔多·德尔·卡门 Ronaldo Del Carmen  &nb...",头脑特工队,243,8.7,206770,https://movie.douban.com/subject/10533913/
你要相信，这世上真的有爱存在，不管在什么年纪 ,"
                            导演: 秋昌民 Chang-min Choo   主演: 宋在河 Jae-ho Song / 李顺载 Soon-jae...",我爱你,244,9.0,52422,https://movie.douban.com/subject/5908478/
弥漫淡淡血腥气的优雅。,"
                            导演: 尼尔·乔丹 Neil Jordan   主演: 布拉德·皮特 Brad Pitt / 汤姆·克鲁...",夜访吸血鬼,245,8.3,189463,https://movie.douban.com/subject/1299327/
仪式主义的狂欢，偏执狂的完胜。,"
                            导演: 大卫·贾柏 David Gelb   主演: 小野二郎  Jiro Ono / 小野祯一 Yoshik...",寿司之神,246,8.8,77764,https://movie.douban.com/subject/6146955/
小成本大魅力。,"
                            导演: 詹姆斯·沃德·布柯特 James Ward Byrkit   主演: 艾米丽·芭尔多尼 Em...",彗星来的那一夜,247,8.4,158379,https://movie.douban.com/subject/25807345/
这样确切的爱，一生只有一次。,"
                            导演: 克林特·伊斯特伍德 Clint Eastwood   主演: 克林特·伊斯特伍德 Clint...",廊桥遗梦,248,8.6,93317,https://movie.douban.com/subject/1293929/
把爱放在心底，有爱就有希望。,"
                            导演: 楚克‧萨克瑞科 Chukiat Sakveerakul   主演: 维特维斯特·海伦亚沃...",爱在暹罗,249,8.3,212276,https://movie.douban.com/subject/2365260/
心灵救赎。,"
                            导演: Walter Salles   主演: Fernanda Montenegro / Marília Pêra / Viní...",中央车站,250,8.7,73255,https://movie.douban.com/subject/1292218/
